Author,Text,Date,Score
PIE4FOOU,Waiting on my mom to call me and ask about investing in BTC‚Ä¶. That‚Äôs when I dump my entire portfolio.,2023-12-06 14:20:17,1021
IDGAFOS,We still haven't hit all time highs... people need to understand that previous bull runs didn't really kick into hyperactive until that happened. Some people's portfolios are just beginning to break even.,2023-12-06 13:12:31,387
UhUhWaitForTheCream,"Everyone, I mean, EVERYONE thinks this is a bull trap.

It would be very funny if Bitcoin casually broke ATH months before the halving lol",2023-12-06 11:52:12,769
Disavowed_Rogue,I say stop thinking about it and just keep dollar cost averaging,2023-12-06 11:37:38,301
Ninja_Gogen,Cathie Wood selling Coinbase stock is very bullish to me and one of my strongest buy signals.,2023-12-06 13:01:53,34
jimmy193,"Bitcoin/crypto almost always does the opposite of what everyone thinks it‚Äôs going to do. 

The fact that many people think it‚Äôs a bull trap leads me to believe it is not.",2023-12-06 13:10:48,91
no-one_ever,I sold 10%,2023-12-06 11:56:39,59
ObjectiveJackfruit35,No one knows shit about fuck,2023-12-06 11:47:51,273
Herosinahalfshell12,"Also the biggest crypto company Binance getting massive fine and losing its CEO. Barely a blimp.

If things were shit that would cause a bigger dip",2023-12-06 12:12:31,31
dephchild,Last chance to buy above 44k,2023-12-06 13:23:50,81
gunzby2,"I wouldn't be surprised at profit taking in a week or so, but then again I've been wrong on my guesses all year so far.",2023-12-06 11:53:18,68
TheElusiveFox,"So here's my advice as some one who has been in this space for almost 10 years now... you can participate in forums like these... but don't make trading decisions based on them.

A lot of sentiment here is bullshit, there is very little ""real"" knowledge both about the markets in general, and the underlying tech of crypto.  These places will be hype right up until the day after the market crashes and will be doom and gloom until the day after its going back up and that is just how things are...

There isn't really enough moderation to steer the community towards more technical or actual newsworthy posts, so instead the community is basically a giant ball of hype and is incredibly easy to manipulate, and if you let yourself and your trading decisions be directed by them its a recipe for a very big loss.

Instead I suggest setting multiple targets and not changing them so you don't fall victim to hype, and pulling your money out in steps the same way you put it in... that lets you take 20% out in a bull run like this, then if it falls back down, you made at least some profit, and if it keeps going you can hit another target...",2023-12-06 14:13:08,31
Victorious86,"Suggest you learn about the following if you don‚Äôt see any news that makes sense for a bull run:

1) BTC ETF approval and institutional money
2) Inflation and interest rate cuts
3) BTC halving and 4 year crypto cycle
4) Increasing legitimacy of crypto (regulation, adoption)",2023-12-06 11:48:22,114
diskowmoskow,"if you reach your target, cash out. Otherwise taking profits won't hurt.",2023-12-06 11:52:13,17
WoodenThief,"I think it‚Äôs probably a decent idea to take some profit now, if you‚Äôve made significant gains in the last few months. 

What I would NOT do is sell with the hope of it going back down so I can buy back in at a better price. Gone down that road before and it just kept going up and I ended up FOMO buying at the pico top like a dumbass",2023-12-06 13:30:38,16
Gwydion96,Just inverse Reddit. Since 2017 I read so much bullshit and I stayed away from all the hyped stuff And only bought what was FUDed on here. That worked excellent.,2023-12-06 12:07:08,26
kingofthesofas,IDK what will happen but I will point out that before every bull cycle there was a bull trap mid cycle. Take that for what it is worth.,2023-12-06 21:06:11,6
asaural,"Well they crushed all the shorts and liquidation pushed the price up.

Now everyone is bullish and opening longs, so I'd expect a flash crash to liquidate all those longs. That's how the casino works right?",2023-12-06 13:17:36,11
Chambana_Raptor,"Holy fuck, people.

BTC has almost TRIPLED since the bottom last year and the most popular sentiments in this place are ""should I get in now?"" and ""DCA!""

Are you allergic to money? I'm an idiot and I already took some profits twice over the last few weeks. 

I don't even know why I'm writing this out. It's like a compulsion because the total idiocy just baffles me. Did nobody learn ANYTHING from previous runs? ANYTHING??",2023-12-06 14:39:10,22
Gooner_93,"Just keep on investing, we arent even close to the ATH, and a new one could be set, next year.",2023-12-06 12:33:53,9
bookworm010101,Lock in profits,2023-12-06 11:43:39,13
seanhagg95,"That all depends on the stock market. If the SP500 double tops and recession/crash begins then BTC will follow suit. We could also get a big dump from selling the news of the ETF. Its a pretty sketchy time tbh. But as usual, the moonboys are back",2023-12-06 12:05:14,8
Crypto__Sapien,"I hear ya, bro. Our portfolios be lookin' straight fire right now! Tempting to think this Green Wave is the start of the next Bull Run.  
But you raise a fair point - ain't no major catalysts jumping out to fully explain this revival. And there still some lingering FUD around regulations and exchanges struggling.  
So, yeah could very well be a bull trap before more downward action. Or maybe just the market bouncing back now that blood is in the streets. Hard to say for sure.  
For me, gonna stick to the DCA plan regardless. Ride out these waves without getting overhyped. Take profits if she goes parabolic again. And scoop up any dips if they come.  
Patience wins this game. Our strategies will get tested but I gotta believe solid projects will persevere long-term. What y‚Äôall think - we prepping for a bull revival or bull trap?!",2023-12-06 14:17:50,3
nebra1,"Bull markets dont happen because of the news, they happen because of sentiment and expectation...just wait and see when the correction comes, everybody will be saying we are back to bear...thats the time to load up again...",2023-12-06 16:12:33,3
skydiveguy,No one knows anything until time passes and we can look at what happened.,2023-12-06 16:55:45,4
susosusosuso,"Good try OP, but I'm not selling...",2023-12-06 12:37:13,5
Nimoy2313,"Well, let me get out my crystal ball and ask it‚Ä¶",2023-12-06 13:13:59,3
evilistics,"If the last 2 cycles is anything to go by, there will be a big pullback at around 48700 which is at the 618 fib retrace from the last price high to low. Let's see if history repeats.",2023-12-06 13:49:46,3
cannainform2,Yes but also maybe not,2023-12-06 15:25:00,3
darkeningsoul,Crypto always runs up high during the holidays. Then it drops off a cliff.,2023-12-06 16:08:34,3
metamorphyk,"I think so, op. I feel like this is similar to the run up in 2017/2018. If I‚Äôm right things will taper downwards after Christmas. But on the flip side I do think they will go parabolic within 6 months post that",2023-12-06 22:17:18,3
XBB32,"There's no such a big bull trap... Stop thinking too much... It's pure FOMO because of potential  BTC ETFs... Nothing more.

If ETFs filings are accepted... It will probably go to 50K and stabilize...

However, if there's the slight FUD... We'll go back to 32K in less than a week.

That my honest opinion ;)",2023-12-06 13:08:35,11
Galactic_Obama_,"I think it is a bull trap personally. But I'm nowhere near selling, I'm only profitable on BTC and ETH, all my alts are still deep red and that won't change anytime soon. So I'm continuing to accumulate",2023-12-06 12:19:12,4
A_sexy_black_man,"I have a friend that I consider an expert trader. +$17.000.000 over 3 years.

He told me Bitcoin will top out at 48k and then retract to 30-38k , while that happens ETH will rocket. His prediction is $3,600 for ETH. 

In my experience he has been right every time he tells me these things. I have nothing to gain by mentioning this so consider it free advice to research. Go see what others are saying. I‚Äôm personally sitting on a leveraged ETH long with plenty of margin. If it works hooray , if not oh well.",2023-12-06 19:04:52,4
GBR2021,Bull traps are a bearmarket thing. We have been in a bullmarket since the FTX collapse in November 22. If anything this is a local overextension.,2023-12-06 12:15:07,6
RoyalMD13,I think a lot of it is speculation that the BTC ETF is inevitable and that ETH ETF won‚Äôt be far behind it. Boomer 401k money entering crypto is bullish af imo,2023-12-06 12:39:37,2
Sufficient-West-5456,Unfortunately yes,2023-12-06 12:55:20,2
PessoaHeteronimo,"If you think so, just take profit and wait til everything is low. I have done so with some coins but not with BTC, eth, Matic, ada, BNB, atom, kuji and some others. I'm gonna need them cause I'll keep interacting with their protocols.",2023-12-06 12:59:04,2
summersmart,"https://credov.substack.com/p/the-weekly-616#¬ßbitbits-note

I saw this article back in October and these guys gave all the reasons for why btc should go up. Think it‚Äôs a good rundown of what is happening and what is to be expected",2023-12-06 14:21:39,2
GosuGian,Yes.. it's a bull trap,2023-12-06 15:17:31,2
ricozuri,"Sure feels like a bull trap, or perhaps a FOMO trap might also describe this surge of green.",2023-12-06 16:04:38,2
TopAlert2383,"It may be a bull trap, but if I sell now I owe taxes in a couple weeks and won't be able to reinvest all my gains. So I'll just hold until the ETF in January.",2023-12-06 16:30:29,2
bigshooTer39,Of course it is,2023-12-06 16:57:34,2
randysailer,If history is correct there has allways been a runs inbetween bullruns and this will be similar then tank again before the real one happens.,2023-12-06 16:57:35,2
SufficientAnalyst383,The pump has already slowed and will end in an epic bloodbath.,2023-12-06 17:39:41,2
jmkj254,This is called the disbelief stage of the cycle,2023-12-06 18:04:16,2
Simple_Mastodon9220,Yes,2023-12-06 18:37:54,2
arditus,Most of the shifty coins will disappear from US exchanges and what‚Äôs left will be heavily regulated. The ponzi has to become legalized just like stocks.,2023-12-06 18:54:55,2
lever200,Santa Rally,2023-12-06 19:20:52,2
mindblowingusername_,"The way I see it is, last two months, movement no real volume tho, I feel we are in thin ice...",2023-12-06 20:06:06,2
mossyskeleton,"It isn't a bull trap as in ""we're still in a bear market"", but it will definitely pull back substantially some time soon.",2023-12-06 21:01:27,2
Fakir333,"If past patterns hold,  yes.  One more deep pullback before the halving.   As far as ""news""?  The market does what it does, THEN we come up with the news to explain why it did what it did.",2023-12-06 21:41:59,2
Mns_crowD,"It‚Äôs all related to the US dollar losing strength. 
The market knows the Fed is likely done raising rates.

It‚Äôs not just crypto, gold & stocks have already been firing and now with  the bitcoin ETF approval pending, everyone is jumping on board. 

Rally might run out of steam going into next week as the Fed has another rate decision.

Another hold would mean Santa Claus rally, surprise raise and expect a sell off.",2023-12-07 00:10:25,2
lycheedorito,"If it is it won't be long until it reverses... I mean come on, how many times does this have to happen before people accept that there's a fairly predictable pattern? Diminishing returns absolutely, it isn't going to magically change, nothing fundamentally changed.",2023-12-07 00:23:44,2
Mathinpozani,"Yes.

I bet 500 moons that the price will be lower than it is today in 4 months time.",2023-12-06 14:04:38,3
CaptainSebz,"Yes. Gary and BlackRock are playing retail investors for fools. Once the ETF is denied, we‚Äôll be back below 30K very quickly.",2023-12-06 13:09:04,2
mschloem,"I‚Äôm going to follow bitcoin. I am looking at bitcoin to run to 80k-140k. Money will move into Eth after that. Then down to altcoins. I will be taking 10 percent at that time and dcaing out through 2024-2025 until i am 80-85% out. That‚Äôs my plan. I will hold onto some of my long term altcoins such as xrp, hbar and quant for the next bullrun. My generational wealth actually will occur the next bullrun.",2023-12-06 14:14:51,3
untouch10,"Bitcoin is pumping because its digital gold and better then the broken fiat scam.
Other crypto just follows big daddy.
But its gonna crash like usual and then go up again like usual.",2023-12-06 13:00:34,3
kobriks,"It's easy: If it crashes it was a bull trap, if it doesn't crash it wasn't a bull trap.
You're welcome.",2023-12-06 16:45:43,3
Nolapowa6286,"Um, did you read about the US General advising congress that bitcoin should seriously be adopted by the US military for security reasons. Do you know the budget of the US military? Do you understand how much they spend. Do you realize a person with alot of influence that affects decisions made around that spending is openly advocating for the adoption of Bitcoin by the US government for real world use other than just accumulating for investment reasons. That's a pretty damn big deal if you ask me. That is the kind of thing that opens doors for other projects and opportunities. When I read that my only thought was damn I wish I bought more. Oh yeah, coupled with a strong possibility of a BTC ETF. 

Yeah...Big Green Dildos To The Moon And Beyond!!!",2023-12-06 13:05:33,2
Naduhan_Sum,Where can I use a 10x leverage? I think now it‚Äòs the perfect moment. Haven‚Äôt tried it before.,2023-12-06 13:07:51,2
SpaceToadD,"Usually when EVERYONE thinks a stock or commodity is about to go down, it rockets up‚Ä¶",2023-12-06 13:16:26,2
[deleted],Lets hope it keeps going up and up!!,2023-12-06 16:52:29,2
HetfieldJ,I think the market is just warming up! I am seeing a little downtrend in the next few days as holidays are approaching. Don't mind 5% - 10% hit,2023-12-06 16:53:46,2
Deez1putz,"Whatever drugs you were doing when you wrote this aren‚Äôt working out for you.

Binance resolution is very bullish.

FTX estate has effectively zero Bitcoin.

The news is 1) ETF, 2) halvening, 3) rate decreases in 2024, 4) US debt

Of course etf may not happen, ftx gbtc sales might mean something, etc‚Ä¶ but as things stand now - very bullish.

As far as bull trap goes, this is not a bull trap.  Might we get a mini blow off top with prices down 20-30%? Of course, every bull run has multiple 10-30% retracements, but they are not bull traps.",2023-12-06 17:18:51,2
_TheWolfOfWalmart_,"My dude, quit looking for news to explain price action.

FUD and news are bullshit, crypto is cyclical. The cycle will drive the news headlines and sentiment, not the other way around. Watch the chart and the cycle, not the idiots writing headlines. It's useless and a waste of time.

Even major world/macro event news like the COVID pandemic only caused a short dump, which turned right around and crypto launched into a big bull run.

Unless WW3 breaks out, I don't care about the news when it comes to crypto. Sometimes it gives us something to talk about in here, but it doesn't really matter. Crypto will just do it's thing price-wise.",2023-12-06 18:24:08,2
Hank___Scorpio,Who cares? Don't buy shitcoins and wait. Make more money and be disciplined.,2023-12-06 11:47:22,2
LuganoSatoshi,"probably its a YUGE bull trap and you will prpvide exit liquidity.


time will tell",2023-12-06 12:28:25,1
AdmAckbar000,"Make a plan that has you to DCA'ing out just like you DCA'd in and stick to it. 

Don't get caught up in irrational exuberance, don't talk yourself out of the profits you planned to take. 

Everything else is just noise.",2023-12-06 14:22:28,1
sounoriginal13,Quit fudding and keep dca'ing,2023-12-06 14:43:35,1
CurbsideAppeal,"I know people hate task analysis on this sub, but BTC just finished making a big cup shape. Next would be the handle. I expect the markets to taper off gradually in the next couple months, maybe seeing a bottom around 32k before taking off again by next spring. 

You‚Äôre doing it right by DCA and definitely don‚Äôt take what I‚Äôm saying as trading advice, but I did call 15k as a bottom and 44k as a top for the cup pattern. 

I don‚Äôt think it‚Äôs wrong to think like the whales do, so what are they doing now? Keep the price high enough so retail investors think it will go up again, then use it as exit liquidity. In a little while there will be some bearish news and everyone will say it‚Äôs dead, going to 20k or whatever, then miss their chance and buy higher after it pumps again. It‚Äôs the cycle of big fish eating little fish. Think like a whale, live like a remora.",2023-12-06 12:23:27,1
Professional_Hair972,Btc 8k,2023-12-06 20:09:55,1
thinktobreath,Average houses in my neighborhood used to be 13 Bitcoin now they are about 8!,2023-12-06 16:37:22,1
[deleted],">BUT, there was so much FUD going on before this big green candles started to pop up, 

There is always fud, always!! Even the biggest bull runs had ongoing fud. But when the bears have already sold then fud makes less difference.",2023-12-06 18:10:44,1
Independent_Shop_378,"Pretty sure it is going to drop very soon. But the market needs it. Nothing to worry about. Either you DCA since a long time, you have a long term philosophy and everything will be ok, or you are new, you just enter the market, you are going to try to short the market and that's going to be a disaster. 
Good luck everyone, that's just the beginning ‚úåüèª",2023-12-06 18:46:16,1
KusanagiZerg,I will get back to you in a year,2023-12-06 19:19:19,1
Nosrok,"My crystal balls are currently out getting serviced so maybe, maybe not. Kinda depends on the wider economic landscape.",2023-12-06 19:32:14,1
kingmoe1982,"BTC will dump, and you clowns will get Rekt....... Again",2023-12-06 19:37:32,1
darth_scion,"Yes.

No.

Choose one.",2023-12-06 20:16:18,1
WolfOfNanoTrade,It surely does have many similarities to the 2019 bull trap,2023-12-06 20:53:36,1
robeewankenobee,"It's a bull trap ... it will retrace back to under 30k , maybe even more, some say 15k , but i doubt that.",2023-12-06 12:44:04,1
flsurf7,"There's definitely a chance this is, and we're not going to see the next bull run until 20kish is retested again, and then we're off to the races. At least that's how it happened last time.",2023-12-06 11:56:37,-2
Rickyb69u,Feels like a trap to me!,2023-12-06 13:16:10,0
MeringuePristine1367,It could be a trap but it's better to always take the little profit but much important to invest in a project with high reputation like seedify IDO to increase my bag. Am on tier 2. What amaze me is about the launchpad is the refund policy.,2023-12-06 17:47:58,0
[deleted],[deleted],2023-12-06 11:39:06,-2
LeslieMarston,If you are way in the black I would consider selling maybe half?,2023-12-06 11:49:30,-1
Ok-Veterinarian-1222,"If you bought around 20-30k then congratulations,   If you DCA from years back and now on some profit congratulations

if you buy NOW after 12 weeks of green only candle and thinking institutions are coming let me remind you is this institution with 300 iq player and capitals that can run multiple small country are buying at the green candles and hoping they will get us as 100k/btc? Are they gonna be our hero? Our savior for our own financials?

Wake up sheeps, let me remind your favorite investoooorrr chant ‚Äúbuy low sell high‚Äù or ‚Äúbuy in fear sell in greed‚Äù",2023-12-06 12:05:52,-4
Oheson,"A 1 year, 160% pump, ""Bull Trap"".  That is a clown question, Bro.

The bull market started November 2022.  ""News"" does not drive the Bitcoin 4-year cycle.  The halving does.

Bitcoin is not FTX, Coinbase, Binance, or anything else.  Bitcoin does not care about them or the US government.  And all Alts just do whatever Bitcoin tells them to do.",2023-12-06 15:56:33,-1
MakeItRelevant,"Well, macroeconomics is getting better, especially the US inflation which is cooling down. It can be a bull trap? yes, but it can also be the beginning of a new bull run. Within my portfolio, Aioz, Inj, Iota, Dafi, and Ftm are leading the way in YTD performance. I'm very bullish on IoT with Hnt (Helium), Iota, and upcoming tokens like Ade (Weaver Labs). Sqt (SubQuery) is a good option for blockchain infrastructure. Whatever you do, make sure to load yourself with BTC-ETH.",2023-12-06 12:46:18,0
HorrorsPersistSoDoI,NEVER sell. Only DCA. HODL until you die.,2023-12-06 13:53:07,0
randomFrenchDeadbeat,"IMHO this iis not a bull run. Crypto value has ""not changed"". A bull run means the value goes higher. 

The whole world economy is based on the USD, and its value is rapidly plumetting since once again the money printer is going brrrrrrrrrrrrrrrrrrr.  

Combine that with China, who proved the US didnt have the balls to do a military or economy attack on them after they publicly bought petrol without paying in USD. 

*""Buy petrol in USD or we will destroy you*"" which is what US has done for decades*, didnt work.*

Not rejoicing because US allies/ the western economy will share that fate. If the dollar goes under, we all do.",2023-12-06 14:54:14,0
Raj_UK,"I'm waiting for Ackbar coin where every variation in price is :  ""it's a trap!""",2023-12-06 15:40:59,0
PenisSlipper,"Is msm reporting a run? Expect a dip.
And vise versa",2023-12-06 15:42:39,0
oprah_2024,not likely because the bulls here today are the same people who suffered and DCAed through the pain of 2022 and 2023.  bull traps arent until a cycle is near the euphoric top,2023-12-06 15:54:30,0
Hyperlite211,"I don't need to sell my bitcoin, so I don't. I stopped trying to figure it out and just dca.",2023-12-06 15:56:51,0
theonly764hero,"Gonna set a auto sell order for roughly %25 of my coinage at 60k, or whatever the price shoots to after the halving, and pay myself - whichever comes first, and hodl the rest indefinitely. I‚Äôm in the for the long haul boyz.",2023-12-06 16:01:28,0
Mammon84,"Could very well be a bull trap 
Could also be start of new bull run.

Remember we always get a twist.
What if tis time the bull starts before the halvening and ends with the halveming ü§£",2023-12-06 16:04:39,0
Astrotoad21,"Crypto usually don‚Äôt make big moves because of FUD (except FTX and LUNA). It‚Äôs green because macro is entering a bull market, interest rates are nearing a top in most part of the western world, things are stabilizing and more people feel comfortable investing in risky assets again.",2023-12-06 16:05:22,0
Rickard403,"i think shortly after the ETF decision in Jan, we will see the selling and profit taking begin. this pump wont last forever. a dump is coming, its just a matter of when. could be a quick recovery or it could last like 6 months. we will see.",2023-12-06 16:09:01,0
Sastroprawiro,Still waiting for 12k btc... üôÉ,2023-12-06 16:12:49,0
Rennz,capo u postin on reddit now?,2023-12-06 16:15:46,0
badfishbeefcake,"look at the moment, the momentum is really strong, i dont see it drop on the short term",2023-12-06 16:28:07,0
capdoesit,">I just don‚Äôt see any news which would make sense for this bull run right now.

Economy conditions are improving, Ukrainian war appears to be about over, FED is expected to drop rates in '24, BTC halving approaching... not to mention spot ETFs seeming to be near inevitable at this point. 

Take that along with the fact that the month of November was one of the best ever for the stock market and there are *several* reasons to be bullish on risk assets lol come on",2023-12-06 16:29:32,0
Alexbobica,Not sure. I guess this is a pre-bull season.,2023-12-06 16:36:51,0
TigerRaiders,"Bulls and bears get fat pigs get slaughtered. 

Stablecoins are fucking amazing, don‚Äôt underestimate their value",2023-12-06 16:42:29,0
CocaPuffsOfficial,"US trying hard to monopolize the global crypto market by getting their competitors priced out, squeezed out by regulations, etc.

Pretty bullish news to me, profit wise. Decentralization wise for the people really advocate for that, not so much.",2023-12-06 16:46:25,0
Familiar_Television1,"![img](avatar_exp|154690244|webman)

You know it‚Äôs the real bull when reddit starts adding NFTs",2023-12-06 16:52:20,0
Vale_Tenebris,The ruling class wants us to be as poor as possible and they control the media. They manufacture a lot of the FUD to scare us off and won‚Äôt encourage people to invest until their exit liquidity is desired.,2023-12-06 17:04:30,0
Sir-Obi,Impossible to say but general consensus among the few sources I trust seem to be convinced til will be a 10-20% correction at most. Seems like the time to start DCA‚Äôing into your chosen alts in preparation for the real bull run. But who actually knows. I‚Äôm focusing on alts now with spare cash rather than btc,2023-12-06 17:05:56,0
xylostudio,"I was down voted before, and I'll be down voted again for this.  But it's the natural cycle for people to start buying before the halving considering the upward predictability of the last 2.  FOMO will happen earlier in each cycle and fewer people will sell before the halving.",2023-12-06 17:06:43,0
fractalfocuser,"If you're DCAing you aren't concerned with short term price fluctuations

It's always a bull trap the question is time horizon. This is not the pump we've been waiting for IMO. Global recession incoming, likely will end up being a long term driver of value onto chains but not in the short term. I think short term *everybody* is going to bleed. Chase & co own too much crypto for it to be decoupled anymore.

So yes, I think it is a bull trap, but we may see it continue to rise for a few more months as people allocate to crypto in preparation for the recession",2023-12-06 17:10:56,0
SuccotashComplete,"I think it depends almost entirely on the spot etf at this point, which is quite risky.

An approval would be a great rallying point and would give it a lot of boost to keep its momentum. A denial would do the opposite - kill momentum and likely lead to a lot of people backing out until the halving",2023-12-06 17:15:19,0
GamingWithMyDog,"This is the beginning of an upward trend that has happened multiple times. Same with the downward trend. If the cycle was broken, I was expecting it to effect the bottom meaning after covid and economic drama, bitcoin could have tanked to like 3k. It didn‚Äôt, it stayed essentially in line with the cycle",2023-12-06 17:16:09,0
awfulife,no.,2023-12-06 17:20:21,0
damiensandoval,"No it‚Äôs not. Retail is entering the space now. Once you see people on TV talking positive about it you better believe things are changing fast.

Also everyone knows once the Halving hits it‚Äôs going to get nuts. Anything under 50k a bitty is a good safe bet. 

Look at Micheal Saylor that man just bought another 500Ms worth. 

We‚Äôre about to smash 50k by end of weekend",2023-12-06 17:20:26,0
gnarles80,You‚Äôre investing in something that has zero value. There is no product or service. Yes it‚Äôs a trap.,2023-12-06 17:22:25,0
Pluth,The answer is yes or no.,2023-12-06 17:26:53,0
neverreddit1984,Even if it is the pullback will not be felt for long imho.,2023-12-06 17:29:33,0
Mauro133w,Maybe ü§î,2023-12-06 17:38:30,0
clean_cut89,No one knows shit about fuck,2023-12-06 17:39:27,0
Seeders,pfffff LOL,2023-12-06 17:41:24,0
Ballzovsteel,"Every green dildo ever, everyone always says bull trap. We know shit about nothing.",2023-12-06 17:49:35,0
fleeyevegans,ETF is right around the corner.,2023-12-06 17:50:06,0
SnooLemons4889,I love how after your first massive drop you get skeptical Everytime it goes up,2023-12-06 17:54:59,0
ShotgunMessiah90,You‚Äôre 50% correct,2023-12-06 17:55:01,0
dj_destroyer,"All of my Bitcoin is off of exchanges and yours should be, too.",2023-12-06 17:57:11,0
Volvophil,End of 2024 will be great,2023-12-06 18:06:00,0
Zealousideal-Ad3396,nobody has a damn clue.  Just don‚Äôt FOMO if it goes parabolic.,2023-12-06 18:06:05,0
SJHarrison1992,"Got called 'dumb' in another thread for saying we're not in a bull run, feelings were hurt",2023-12-06 18:08:07,0
gandrewstone,"Positive news:

1. Potential ETFs
2. BTC halving causing a persistent supply demand imbalance
3. Mark-to-market GAAP change
4. Gold at ATH (proxy for macro-economic conditions that favor sound money)
5. Some bros running trad-fi services with user accounts denominated in crypto are getting the smackdown they probably deserve.
6. Other bros running trad-fi services with user accounts denominated in crypto are successfully defending against the smackdown they dont deserve.

Negative news:

1. Some dudes running trad-fi services with user accounts denominated in crypto are getting the smackdown they probably deserve.",2023-12-06 18:11:26,0
Melodic_Ad_3959,"Probably will have a correction somewhere soon, or not. Who the fuck knows",2023-12-06 18:13:42,0
pr0z1um,With crypto you can win on long distance only. May be üòÑ,2023-12-06 18:15:41,0
tianavitoli,if you don't sell now you'll probably miss your chance to buy the top,2023-12-06 18:17:19,0
rruler,I think institutions are buying atm for financial vehicles and all the speculation plays no real role in that as they need to build positions,2023-12-06 18:19:46,0
techguy1337,I've accumulated a good sum over the last year. I'm currently waiting for the January etf approval. If it gets approved then I will continue DCA if it fails then I wait for the dip then buy.,2023-12-06 18:29:10,0
pensionado83629,Nobody knows shit about fuck,2023-12-06 18:30:47,0
yibbiy,We will only know on hindsight.,2023-12-06 18:36:48,0
peaceinthevoid2,Blackrock et al.  Buying up in preparation for the etfs?,2023-12-06 18:39:59,0
whitewingpilot,This is really interesting ... NOT - I'll need my BTC some years after 2034 - wake me up then and let's see if BTC is at 1.5 Million USD each as I expect right now....,2023-12-06 18:44:33,0
yashptel99,"Even if it's a bull trap, there's going to be a bull run eventually",2023-12-06 18:50:02,0
unphuckable,I don't see any DEXs going bankrupt.,2023-12-06 18:55:07,0
BigTdick07,You clearly don‚Äôt understand supply and demand relating to Bitcoin.,2023-12-06 18:56:09,0
Embarrassed-Hurry575,Diamond hand.,2023-12-06 18:59:29,0
nobelcause,The halving is next year. That's the reason.,2023-12-06 18:59:44,0
_BabyGod_,All crypto is a Ponzi scheme and has no inherent practical value,2023-12-06 19:07:40,0
satuuurn,"There may be a little ""buy the rumor, sell the news"" going on with the upcoming ETFs. But it looks like we are building up to the next halving.",2023-12-06 19:38:41,0
Dorkin_Aint_Easy,"Bitcoin ETF looming, FED rumored to begin lowering interest rates. Thats all its takes my friend.",2023-12-06 20:05:32,0
liquid_at,"Imho, yes.

Last bull markets we have seen a lot of optimism and hope. This one just came as a surprise to most. I've only heard predictions that were expecting something like this in the middle of next year, but not now.

It could be the first run of the actual bull run, but I definitely expect a peak and a retesting of lower levels before the end of the year, with a recovery early 2024. I don't think we will just straight run through the holidays into the new year... 

Too many wall street firms that need money to let this run without dumping for cash.",2023-12-06 20:25:14,0
LeGonze14,ü§£ü§£ü§£ü§£ü§£ü§£ü§£,2023-12-06 20:26:33,0
MichaelAischmann,"FTX liquidation is kinda old news & likely priced in. Also those trades for the most part will happen OTC and therefore wouldn't affect the price.

Binance US is tiny compared to Binance in the rest of the world. And Binance settled, meaning uncertainty is out of the market.

What is being traded is the expectation of spot ETFs. A good reason for increasing prices. Imo you picked weak reasons against the market and forgot about the strong reason for the market.",2023-12-06 21:02:09,0
bitqueso,It‚Äôs the impending ETFs,2023-12-06 21:04:44,0
Justin534,"I don't think so I've been bullish for a long time now. Feds most likely done hiking rates and everyone's looking ahead to interest rates falling now. Maybe there will be one more small rate hike but that doesn't change expectations that we're at the top of the rate hiking cycle. Rates go up and the most speculative assets, like crypto, get hit the hardest. On the other side of the interest rate cycle as money becomes easier to come by then speculative assets get the biggest boost. Not saying it's going to be up, up and away from here. But I think we've seen the bottom of this bear market. Just my 2 cents anyways. 

There's plenty of news that will tell you this is a good time to rotate into speculative assets classes. But mainly it's news regarding interest rates and inflation numbers. Or on chain data - which is the news we should be looking at. We gotta know where to look though. 

Don't focus too much on what's going on with this or that exchange, or some crypto companies. If you're interested in their stock price than sure pay attention. But if you're interested in the price of crypto assets generally I think that's all more noise than signal. The signal is in on chain metrics. Take a look at artemis.xyz and coin metrics. Look at number of on chain transactions, what people are willing to pay in fees, and numbers of active user accounts. If usage numbers go up (which they are) so will price especially when we're on the second half of the monetary cycle.",2023-12-06 21:16:21,0
dzvalentino,It‚Äôs because expectations of interest rates not going up anymore,2023-12-06 21:27:26,0
Pleasant_Plantain,"i converted my whole bag to cash at 44. bcuz its the most $$ gains i ever had lol. hard to resist...

i think it might consolidate back to 40. but after it floats around 40 for a while.....its gonna moon haaaard for the obvious reasons..

i got my finger on the trigger to buy back in tho...so ...yeah u never really know",2023-12-06 21:52:07,0
deten,"So I am not here to convince anyone that its a bull market.  I definitely expected certain crypto like BTC/SOL to go up but never this much or this fast. 

However, over years of investing in both Crypto and Stocks, things often go up when it doesn't make sense.  In my opinion thats when theres stuff going on in the background that the avg investor isnt privy to, but it might mean that in the next 6 mo to a year things will happen that will impact other markets and we might wish we had bought more.

Bull markets start, often, when it appears unreasonable and only later does it make sense.",2023-12-06 22:21:21,0
Highblue,"lol even when bitcoin goes up people complain or find a way to shit themselves. Just hold, the micro doesn‚Äôt matter when the macro is what matters. Bitcoin will be above 100k in the next 5 years, and that‚Äôs very conservative.",2023-12-06 22:48:46,0
Justsayingsometimes,No. There will be a dip before it goes up more though. All the good news will start in January. Etf as first good one. Binance crypto only in usa. They are not going bankrupt.,2023-12-06 22:49:00,0
BigG1011,Future ETF being priced in. Watch for major FUD from the big buyers so the they can get their pullback to buy more.,2023-12-07 01:02:38,0
Cybernaut-Neko,"This is why I'm on alts, the noobs gravitate to the only thing they know, the noobs are also very fomo and volatile. I just hope my alts wont get a too big of a knock from the correction which eventually will happen. Maybe I'm weird.",2023-12-06 13:06:51,-1
Battles9,No this is denial stage of the bull run,2023-12-06 14:32:30,-1
laffingbuddhas,This is what bears say when they are in denial,2023-12-06 14:37:33,-1
Level_Pen8117,"I got FIL. It's around $4 now, while back in the day, has reached almost $160!! 
Let‚Äôs jump onboard now before it‚Äôs too early. Let‚Äôs bring it back to where it was!",2023-12-06 21:43:12,-1
DannyHodler,"As others have mentioned; nobody knows. I look at it this way; what's the worst thing that could happen? In this case it could go down, well I'm not even near the point of selling so I'll just wait longer. No need to worry if you trust your positions and the tech.",2023-12-06 12:18:57,1
MrDopple68,"Assets going up:

Great for money already invested.

Bad for money you are going to invest.

And Unfortunately people invest more the higher the price goes whilst they should have done the opposite.",2023-12-06 12:41:02,1
flu_u_fools,Yes,2023-12-06 12:43:11,1
cyger,Who the heck knows. We could be down 50% tomorrow. Or institutions could start getting FOMO due to the likely BTF approval. But I'm likely holding most of my bags for at least another 8 months or so.,2023-12-06 12:47:10,1
Queasy-Secret-4287,Blockchain backer says this is just a retracement and not a bull market,2023-12-06 12:58:04,1
MoAndJo,You clearly don't look at the news,2023-12-06 12:59:03,1
WhipMaDickBacknforth,"Why would it go down? What's caused the pre-run dip before?

Should it still be the same this time around?

I just think whales gon whale, and degenerates gonna leverage too much.",2023-12-06 13:02:48,1
YayayayayayayayX100,"If you believe in cycles, then we should be sitting near all-time high in the near future, and after halving moved to new highs",2023-12-06 13:03:03,1
LuganoSatoshi,"yes it is, now run like forrest gump",2023-12-06 13:04:30,1
dinklebot2000,If you're still in the accumulation phase of DCA wouldn't this be a good thing? Don't worry so much and keep to your strategy. That's entirely the point of DCA. It takes all the guesswork out.,2023-12-06 13:05:48,1
Dry_Feedback2081,DCS and low stopp losses on support zones,2023-12-06 13:06:19,1
rhaphazard,My mom has more BTC than me üò≠,2023-12-06 20:37:32,60
Tsk201409,Or when there‚Äôs a Super Bowl ad,2023-12-06 15:07:12,218
zac47812,I tried to explain the Bitcoin ETF to my mother yesterday and her eyes completely glazed over. We still have time.,2023-12-06 19:13:13,46
Lexicon-Jester,"My mum dropped 10k into solana 6 months ago...she keeps telling our family shes making money with crypto. what should I do?

This isn't a joke.",2023-12-06 20:51:47,39
Nightmare_Tonic,Mine just did yesterday lmao.,2023-12-06 14:42:12,42
South-Security-Mouse,Sell when everyone is in greed,2023-12-06 16:31:02,22
Individual_Day_6479,"44k is the top, just saying.",2023-12-06 21:19:05,17
larryburns2000,So much talk abt dumping and pumping and moms for a non-nsfw sub,2023-12-07 05:56:29,5
Kyonkanno,"Ah yes, the mom indicator",2023-12-06 17:29:57,5
wallacehill,"When you go to the bar , and you hear the old fellas saying , I wish I had me some of that Bitcoin . That‚Äôs the sell",2023-12-06 23:15:04,4
MrBagooo,I will also dump my portfolio when this guys mom called him. Please let us know.,2023-12-06 21:15:48,8
PastaShooter105,"Bitcoin is no investment. It‚Äôs a incorruptible, censorfree, non-inflationary digital asset.",2023-12-06 19:52:52,9
SuzukiNakatori,You got me cackling,2023-12-06 16:53:41,3
Alonso_The_GOAT,"No, that's when you wait for another month and then dump your bags.",2023-12-06 20:13:19,3
tnel77,"THIS. Your mom, your Uber driver, that kid from high school who can barely work a shovel. You see them talking or posting about it and it‚Äôs time to SELL.",2023-12-06 18:44:38,7
fungi_at_parties,"My mom overheard some guys at the gym talking about an alt coin so I had to have a long talk with her about why she should stay the fuck away from Crypto unless it‚Äôs 20 bucks a month to Bitcoin, max.",2023-12-06 17:15:04,4
ThatOzGirl,üòÇüòÇ this is legit my current plan but instead of my mom it‚Äôs just any single person in my office.,2023-12-06 16:56:09,2
UnwindingThree8,"In of the the newspapers here in belgium there was already an economist/trader talking about it.
""during times of euphoria there's room for some risky bets like bitcoin""
Popular cryptocoin rose over 150% sind the start of the year",2023-12-06 18:37:25,1
StarbabyMcStonks,"If your mom finds out you were stupid enough to have a crypto portfolio she will disown you, and if your wife finds out she will divorce you. That is how much tolerance women have for that level of financial stupidity.",2023-12-06 17:54:29,0
Bandoolou,"Agree.

Like all crypto bull runs we‚Äôre gonna see huge volatility with 30% corrections at times.

But I think like the past 2 times, this train isn‚Äôt stopping until:
- Everyone thinks they‚Äôre the next Wolf of Wall St.
- Your nan asks for help with a Ledger Nano S
- Some cunt is on the TV showing he went from mums basement to Hollywood Hills and now wants a boxing match with KSI.",2023-12-06 16:11:59,307
Thompompom,Went from -70% to -30%,2023-12-06 15:56:24,177
RoachWithWings,And some are still in deep red,2023-12-06 15:49:58,48
DistinctEngineering2,You guys have broke even? Damn.,2023-12-06 19:10:11,23
donomyte1,"Let‚Äôs not forget, there‚Äôs a lot of reason to believe that the last bull market didn‚Äôt fully mature - or in other words, things should have went much higher. A lot of external factors thwarted a full run. 

That being said, buckle the fuck up.",2023-12-06 19:02:09,17
moldyjellybean,Whatever the opposite of this sub is doing is almost foolproof,2023-12-06 12:56:20,275
AllThingsEvil,"If everyone thought it was a bull trap no one would be buying.

O wait - buy high sell low!",2023-12-06 12:25:49,35
Itchy-Acanthaceae841,"I am trying to read the room, as soon as everyone gets comfortable I will start selling I guess :D.",2023-12-06 11:57:46,73
JaxTellerr,Really? In my opinion everyone thinks we‚Äôre at the beginning of a bull. Very little people think it‚Äôs a bull trap,2023-12-06 13:28:40,41
Job_man,Everyone thinks this a bull run actually.,2023-12-06 15:14:07,30
NewPCBuilder2019,"This is madness - amd essentially happened in the middle of a mental health break for a few months. Like... 4+ years of misery. Finally say ""alright I need a break"" now it's like... hmmm... wtf to do now.

Good luck amd congrats to everyone that stuck it out.",2023-12-06 12:52:34,10
HLPP16223839,The comments section in the daily is full of mocking people who missed the boat and any comments that mention the word pullback or correction get downvoted into oblivion.,2023-12-06 13:42:13,11
ShittingOutPosts,Max pain could very well be BTC taking off from here and leaving most people behind.,2023-12-06 12:59:19,9
susosusosuso,!remind me 6 months,2023-12-06 12:35:36,6
BabblingBaboBertl,"""they won't trap me""",2023-12-06 12:20:11,5
M0N0KHR0ME,"This market is thin, so thin. All it takes is a little bit of buying to drive the price up. And it's going to get worse. Be careful being careful.",2023-12-06 13:29:40,2
virmamies,"Bitcoin breaking ATH before halving is my wildcard this cycle.. would be interesting to see what it causes.

I think ETH will also momentarily pass BTC in dominance.",2023-12-06 14:04:17,6
Refects,"I don‚Äôt think this is a bull trap. If anything, this is the initial run up right before a major BEAR trap, which will probably be coming soon",2023-12-06 14:21:39,2
DJT2021,"Wrong, speak for yourself, not everyone,  smfh...",2023-12-06 14:46:38,1
HartPlays,"How is it that I sold my profits from Bitcoin a few months ago to pay for my vacation? I only had maybe $2G but now im down to like $600. But shit, if I didn‚Äôt do that, there‚Äôs no guarantee it would‚Äôve done what it‚Äôs done in the last few weeks. That‚Äôs the point of BTC imo. Store your value and watch it grow, sell when you need the cash. Be your own banker.",2023-12-06 17:18:53,1
Smaal_God,Just look at how the price of BTC is ‚Äòcalculated‚Äô ‚Ä¶. Non transparent ‚Ä¶,2023-12-06 13:01:51,0
Lyuseefur,Every halving has resulted in a drop,2023-12-06 13:11:17,-2
lobster_matrix,I think you mean everyone who missed the boat *wants* this to be a bull trap. But it's obviously not. This bull market started like 6 months ago.,2023-12-06 15:29:28,0
[deleted],[deleted],2023-12-06 15:23:42,-3
Shaglock,"The hard part still, is when to start DCAing out",2023-12-06 12:28:33,133
Less_Cap1539,"This is the sane choice. 

That being said, there‚Äôs nothing sane about this market lol",2023-12-06 12:31:02,10
kn0lle,People really think too much,2023-12-07 11:13:51,2
Itchy-Acanthaceae841,That‚Äôs always the way!,2023-12-06 11:40:33,-1
Ibuydumbshit,Cause she‚Äôs always buys the top and sells the bottom lol,2023-12-07 15:51:27,4
Nightmare_Tonic,What? Why?,2023-12-06 14:41:36,2
redbeard_007,"I see this mentioned a lot, but why is that though? I'm curious. If it always does the opposite, doesn't that mean that it's predictable in a different way? 

If bitcoin isn't a sentient entity, which it isn't (but maybe it is lol), why does it follow a pattern that is exactly the opposite of what everyone thinks? Offcourse supposing that it actually does that.",2023-12-06 15:13:21,12
capdoesit,"Honestly it doesn't make any sense to call what's happening here a bull trap. Big reason why BTC kept tanking throughout 2022 and partially '23 was because the FED was extremely hawkish on inflation and was tightening up the cash supply.

Now not only are they not apparently going to be raising rates much more but some economists are forecasting rate cuts in 2024 which is extremely bullish for risk assets like BTC.

Not to mention the fact that the stock market just had one of its best months in history.

Not to mention the Ukrainian war is running out of steam.

Not to mention BTC halving coming up.

Point being if you're taking a macro look at the situation things are looking so so much better than they did even in like June or July. It seems like we will actually get a soft landing for the economy. I don't know why people are acting like this is all so shocking",2023-12-06 16:35:02,2
Seanie-b,Same. When everybody is hodling and expecting insane profits its never a bad idea to take some profit.,2023-12-06 14:21:47,22
Itchy-Acanthaceae841,Of which coins?*,2023-12-06 11:58:05,-1
robbray1979,I‚Äôve studied shit for 3 years and have an undergrad in fuck. Predictions in bitcoin are wrong? Color me surprised.,2023-12-06 12:36:26,36
XBBlade,"We keep repeating it but we will have to keep repeating it, lol",2023-12-06 12:23:02,16
AllThingsEvil,When my portfolio hits 7 figures one day I'm going to have a lot of swag with this motto,2023-12-06 12:27:08,6
BasicallyTony,Truthful insight,2023-12-06 12:49:56,3
HorrorsPersistSoDoI,Only right answer ever.,2023-12-06 13:53:33,5
SlimCharlesIRL,I‚Äôm gonna take away my arrow up since I am seventy and it looks better on 69 my bad,2023-12-06 13:15:24,4
Repulsive_Onion_5925,‚òùÔ∏è‚òùÔ∏èü§óüòéüöÄ,2023-12-06 15:21:06,2
xxhydrax,This is the way,2023-12-06 15:37:07,2
devBowman,"This is the actual answer about Life, the Universe and everything",2023-12-06 19:03:13,2
LeftLegCemetary,"Plenty of inside traders in crypto, my guy.",2023-12-07 02:50:51,0
HLPP16223839,Yeah if this would have happened right after the FTX fiasco last year the bears probably would have seen their 10K BTC‚Ä¶‚Ä¶‚Ä¶‚Ä¶‚Ä¶ And then say they‚Äôre waiting for 3K,2023-12-06 13:48:03,5
OmgJosh925,I think profit taking will be in January. People don‚Äôt want to sell right now to owe taxes in April. They‚Äôll sell january so those taxes aren‚Äôt due until April 2025. Like how everyone sold for loss writeoffs in December 2022 and Jan was the buyback,2023-12-06 14:43:37,10
Itchy-Acanthaceae841,"I‚Äôve set a goal for my whole portfolio now and don‚Äôt want to sell anything, as long as I accomplish that goal. I made the experience to sell a coin and see how it went 5x more, I just can‚Äôt take that shit anymore :D",2023-12-06 11:55:54,22
Arabong420,Some people argue the etf launch could be followed by a big correction before the bull gets going for real though,2023-12-06 13:10:31,20
Itchy-Acanthaceae841,The BTC etf approval gets nearer and then far far away for so many months now. There is no green signal yet. Just speculations.,2023-12-06 11:50:43,29
LeslieMarston,"1) btc approval: make sense, probably a factor 2) inflation and interest rates: not a factor since Bitcoin is not really an inflation hedge 3) btc halving: no one even knows what that means, except Bitcoin bros",2023-12-06 11:52:50,1
Itchy-Acanthaceae841,That‚Äôs exactly what I‚Äôm doing. DCA till I reach my target but always thinking about the friend which was only 200‚Ç¨ away from his goal and then LUNA happened :D.,2023-12-06 11:56:52,8
My_G_Alt,This is too meta for me as I‚Äôm reading it on Reddit. So can you be trusted? I think I‚Äôll go all in and remortgage my home for BTC now,2023-12-06 14:33:40,8
OrganicDroid,"Been around over 6 years too. Reminder that this sub *hated* LINK around 2018-19. Like you would get downvoted hard for even mentioning it. Look at the attitude now.

This sub *loved* Nano, when all along, with just a bit of research‚Ä¶ you knew it couldn‚Äôt handle a ton of traffic and the ‚Äúnetwork‚Äù was easily spam-able.

Several others along the line, NEO, OMG, etc‚Ä¶ Although I still like NEO myself (my first coin), I don‚Äôt hold it anymore. Seemingly good projects can and do die.

And like the other person said, ALGO. Not touching that. Doesn‚Äôt read as a solid coin to me. But people here love it.

This sub has grown by millions, I remember it with less than 1 million. I just take it that all of the blind hype is exacerbated.",2023-12-06 13:22:45,6
Itchy-Acanthaceae841,"Yeah that‚Äôs exactly my first experience with this sub. I bought ALGO because everyone was talking insanely good about it and I was like ‚Äûwell, these are normal people like me and wouldn‚Äôt shill coins‚Äú. Now look where it is.",2023-12-06 12:21:37,6
-RicFlair,Same hahahha. Reddit is like Jim Cramer. Be like George Constanza and do the opposite of what people post here. I‚Äôm convinced it‚Äôs people working for whales posting on here,2023-12-06 14:30:51,0
GBR2021,"You are right, only an idiot would sell before even the old ATH was breached",2023-12-06 20:51:27,9
aScarfAtTutties,"Sell, and then what? Bitcoin is the best investment out there imo, and it's not even close. So if I sold it would essentially just be me trying to time the market to get back in, which is a terrible thing to try.",2023-12-07 04:16:50,5
bernpfenn,these are newbies. it's sad but their money is needed to take profits in the cryptoverse,2023-12-06 17:14:32,4
DuckmanDrake69,"I learned, always hodl that shit.",2023-12-06 17:54:37,2
komar80,This time is different üòÑ,2023-12-06 18:18:56,1
FarmerIntelligent847,Same here. Just take some profits and wait to see what happens.,2023-12-06 20:20:00,-1
cyger,I would rather not cash all out at the risk of missing the real bull run. No problem with taking some profits however.,2023-12-06 12:48:10,9
Itchy-Acanthaceae841,"My only fear is that this pump is (attention big conspiracy incoming) a move from the big guys, so their little boy SBF can liquidate easily and pay the stolen money back (or something like that?!). I don‚Äôt know shit of course as you can see but it feels just too good.",2023-12-06 14:25:43,4
Itchy-Acanthaceae841,Well it can only go up now or down.,2023-12-06 17:01:23,0
Ok-Most-7339,Yup. These bears are actually fucking pathetic. WE WONT EVER DIP LMAOOOO WE WILL KEEP PUMPING. Poor fucking bears... they need to face reality we are in a bull market,2023-12-06 14:58:33,-2
orthrusfury,"I second his opinion. Not so sure about the exact numbers tho, but pretty sure about the movements",2023-12-06 20:47:04,2
ravenofiridescence,"that makes complete sense and it aligns with what i hear from other people who i consider serious, thanks for sharing",2023-12-06 22:42:43,2
Ronbrian,What do you use to leverage trade? Might do it with a very small amount,2023-12-07 01:44:58,2
justcallmechuckles,"I find it interesting that during the  bear market the common refrain was ""the cycles are shortening"" to justify holding on a little longer until the next bull market. If the bottom was in fact Nov '22 and bull market started then, I'd argue that the bear market was only 1 year long (Nov '21 to Nov '22) and previous bull market was also 12-18 months long depending on how you want to look at the charts. So according to that logic, wouldn't that indicate that we're nearing the end of the current bull market?

Obviously this also doesn't take into account the broader market and macro forward outlook which isn't looking great IMO.

I'll probably get downvoted because ""you're a BEAR BoOooOOOoO"" but for the record I'm perma-bull, just a realistic one with realistic timelines. 

Just my two cents.",2023-12-06 15:29:58,2
Umaynotknowme,"That‚Äôs the part that is somewhat confusing to me. If you buy .01 bitcoin and sell it in under a year the tax implications are pretty straightforward. If you DCA in each week and have also taken some profits by DCAing out then how do you (or the IRS) know the amount of Bitcoin purchased and sold this year vs Bitcoin purchased in previous years?

With stock you have ‚Äúlots‚Äù and can easily see the tax lots, but I don‚Äôt see this with crypto. To me it becomes confusing.",2023-12-06 18:27:54,2
Itchy-Acanthaceae841,So you say that you know shit about fuck?,2023-12-06 17:00:58,0
Itchy-Acanthaceae841,I really wish it happens like that.,2023-12-06 17:00:32,0
Nightmare_Tonic,How did this prediction work out for you mate?,2024-01-17 14:53:30,2
Itchy-Acanthaceae841,Never do that shit.,2023-12-06 13:09:37,5
justcallmechuckles,lol I hope this is satire,2023-12-06 15:32:06,2
Itchy-Acanthaceae841,"It‚Äôs hard to tell which ones are shitcoins and what not. Now it seems so natural for everyone but not long time ago, everything SBF said was good for us. Just one example, I could start with LUNA and all the good stuff it was bringing to crypto. In the end you never know.",2023-12-06 11:53:14,3
VincenzoCassano99,China fud for the millionth time incoming any minute now üòÇ,2023-12-06 18:12:34,0
Itchy-Acanthaceae841,"Capo says 12k üòÑ. He strongly believes that, who knows. I just think if BTC goes that low again, ALT coins will be doomed. They didn‚Äôt move with BTC much this time, meaning if BTC goes back strongly then ALTs will do the same.",2023-12-06 13:20:55,0
Itchy-Acanthaceae841,"I literally started to believe in BTC 12K, but now it seems so far away again",2023-12-06 11:59:11,0
Itchy-Acanthaceae841,"Me, too.",2023-12-06 11:40:25,3
Nightmare_Tonic,What's this,2023-12-06 14:49:58,2
Itchy-Acanthaceae841,I don‚Äôt want to as long as I don‚Äôt reach my goal.,2023-12-06 11:59:41,3
sluggz9,Always ignore people that use the word sheep to identify  others who believe opposite of their own.,2023-12-06 12:50:59,9
Oheson,"Few people understand that the parabolic, blow off top phase of the bull market is the end of it.  They think that is the actual ""bull market"", hold through it, then get recked.

What you think is the ""bull market"" is the signal to get out of the market.  That will happen in 2025.",2023-12-06 15:59:44,4
Itchy-Acanthaceae841,![img](avatar_exp|77152795|winner),2023-12-06 16:55:51,2
Itchy-Acanthaceae841,"I do. But usually the news which signal me to buy, rocked my portfolio because the big guys dumped after that. And bad news suddenly meant big green candles.",2023-12-06 13:14:20,3
_Otacon,üòÇ,2023-12-06 23:30:07,8
hueythecat,I talked my parents out of investing in BTC @ $1600,2023-12-07 01:18:35,14
Onastik,She's already taken my private seed!,2023-12-07 15:36:28,2
fearless_window,"Just saw a Ripple ad last night on hulu, I didn't know how to feel about it",2023-12-06 17:56:08,76
EffectiveConcern,Pls let me know when that happens - not in US,2023-12-07 20:34:10,2
SuzukiNakatori,I‚Äôm so cackling at this,2023-12-06 16:53:56,2
Desperate_Blacksmith,insert <hesrightyouknow.gif> üëÜüèª,2023-12-06 17:27:39,1
TinaJewel,Your mom is awesome. Make her take profits.,2023-12-06 23:52:12,29
HecticJuggler,The safest for her is to take out her initial investment.,2023-12-07 05:22:13,6
r0mex,"solana has had a great rally, she would be smart to sell some",2023-12-06 23:50:54,0
Popular-Ad2193,This is definitely a bearish flag! I hope the bulls can push through this,2023-12-06 16:52:00,16
8887777,"damn, so early. fine, i can't mess with gods. this is a sign as clear as sky, i am selling everything.",2023-12-06 17:09:34,1
Favell81,Then something big will happen and it's going to 8k-12k USA money of course in 2024 make my words üíØ üçÄ üá®üá¶,2023-12-07 01:03:29,0
Suzuki_Matt,This guy gets it.,2023-12-07 13:50:15,2
[deleted],"Michael, is that you?",2023-12-07 14:36:08,2
FancyTeacupLore,"My friend is perpetually broke and is suddenly investing in AVAX with money she needs for bills in a week. Considered taking profits, ngl.",2023-12-07 00:41:01,12
MaineHippo83,20 bucks a month? What's the point. A week maybe,2023-12-06 22:22:46,10
devett27,I just bought $5k of Solana,2023-12-07 00:47:48,0
0xwaz,LMAO you nailed it,2023-12-06 17:22:13,36
Lagna85,And people talking about lambos with their $100 alt coins portfolio,2023-12-07 03:39:12,8
champdafister,Good lord that was perfect haha,2023-12-07 01:37:08,2
CraftBeerFomo,">Some cunt is on the TV showing he went from mums basement to Hollywood Hills and now wants a boxing match with KSI.

That had me proper laughing out loud! :D",2023-12-07 00:39:49,2
Favell81,Still don't think the bottom is in between and we'll see you in 2024 before the next bull run I believe this is just the biggest BTC trap ever,2023-12-07 01:04:37,0
socalmikester,"those days are long gone. enough people got wrecked last time, the few like SBF took all their money and pissed it away. only ones left now are bagholders.",2023-12-06 22:19:54,-4
Brandon-Heato,sounds about right,2023-12-06 16:58:06,28
frenchy321,Should of dca d,2023-12-06 18:40:45,-2
donomyte1,"Yeah, people who FOMO‚Äôd during the last run and didn‚Äôt DCA from then to now.",2023-12-06 19:03:39,2
uwieuwe4,More broke than even,2023-12-06 19:48:20,49
platosdogtag,External factors. Good thing we don‚Äôt have any more of those now.,2023-12-07 03:09:50,15
Itchy-Acanthaceae841,"Not kidding, it was the best tip so far.",2023-12-06 13:22:41,72
ex0genu5,So I must buy more Algo?,2023-12-06 15:48:28,27
xylostudio,This sub is Crypto Cramer.,2023-12-06 17:07:45,12
SuzukiNakatori,Thanks I am cackling,2023-12-06 16:54:09,2
OmsFar,This sub is both bearish and bullish. What the heck do I do?!,2023-12-06 21:06:50,2
JoeDerp77,"I know you're joking, but honestly it does seem like whatever the crypto community thinks will happen does happen for a short period, followed by a massive dump. So everyone has been foaming at the mouth about this ETF stuff, my prediction is more of the same. We will see prices go up a bit more, the etf news will be underwhelming, then boom, back down the rollercoaster again.",2023-12-06 17:36:27,1
Ok-Most-7339,Bears have always been wrong thats the funny part HAHAHAHHA theyve been waiting for a dip but we kept pumping LMAOOOOOOOOO fuck them bears.,2023-12-06 14:56:25,-17
Southern_Sea_1247,Oh so I HAVE been following the rules on how to lose money slowly.,2023-12-06 19:16:17,3
Less_Cap1539,It‚Äôs just that the room is full of mentally unstable peopling shouting arbitrary numbers at each other,2023-12-06 12:26:18,220
Cappy2020,"If you‚Äôre using /r/cc to guide investment decisions, you‚Äôve already lost buddy.",2023-12-06 13:01:19,21
MikeLowrey305,"Seems like everyone is buying based on positive news about spot ETF's being approved in January.


IMO if they don't get approved the market will drop if they do get approved then could be the start of a bull run.",2023-12-06 13:27:08,15
JustSomeBadAdvice,"In This Thread:  A bunch of people who don't know the difference between a bull trap and a bear trap.  


A bull trap is a bounce that happens after a big crash / decline.  Afterwards it continues sliding and the bulls lose money.

A bear trap is a rise in price after a period of inactivity followed by a sudden decline; Afterwards it continues rising into a bull market and the bears who sold miss out.

Considering our decline was over a year ago and we had months of inactivity in between, and things have been rising steadily for months now, this is clearly...... A bull trap!  Right? :P",2023-12-06 19:58:26,12
michaelscarnofficial,What do small people have to do with this?,2023-12-06 20:19:34,21
ButtDoctorFlex,"Yeah I see nothing about bull traps on CT, only bull run talk. Good chance we see a sell the news event on the ETF for a decent pull back and potentially another downturn if something in economy breaks. 

Then again‚Ä¶",2023-12-06 22:17:02,4
fungi_at_parties,"I think you still have time. Tripling your money isn‚Äôt exactly a bad investment and I think that Bitcoin will definitely hit 120 at some point right? It‚Äôs going to run up in the long term so why not just throw some cash at Bitcoin while it‚Äôs still kind of low-ish and DCA in from there? If it dips, it will eventually go back up.",2023-12-06 17:07:02,2
[deleted],[removed],2023-12-06 14:21:39,-15
EGarrett,They won't if you have a trailing stop.,2023-12-06 13:21:26,3
Jsn7821,What makes you think that about eth?,2023-12-07 07:05:41,2
Sastroprawiro,Would be a good guess. Like LTC. Jumping high at pre-halving and roll from the top since the halving...ü§¶üèæ‚Äç‚ôÇÔ∏è,2023-12-06 16:16:07,3
[deleted],[removed],2023-12-06 14:20:50,-13
EGarrett,A drop in bitcoin supply or a drop in bitcoin price? They definitely result in a drop in supply. Price...no.,2023-12-06 13:24:13,6
fungi_at_parties,I‚Äôm confused? The last halving resulted in a bull run leading to a record high. Do you mean the sell off?,2023-12-06 17:09:18,3
SchrodingersCat6e,"There is a fundamental reason. Miners pay for electricity, they sell some BTC they mine to pay for that electricity. So new Bitcoin mined will have to be sold for 2x as much to get the same amount of local currency to pay for power generation.",2023-12-06 16:21:22,4
Corican,"If you are looking at your portfolio and thinking ""wow! this is great""

...then now",2023-12-06 12:43:43,127
Itchy-Acanthaceae841,"Germany made it easy for me. I don‚Äôt understand shit about how they will tax my crypto if I cash out, so my conclusion was: i don‚Äôt.",2023-12-06 13:25:26,45
ProjectZeus,"I've been DCAing out for a couple of months now. I'm currently at +80% profit, it would be crazy not to start slowly selling.",2023-12-06 12:57:38,14
Sele81,"I bought a massive bag of Lunc for 5 digits last year May when it crashed down to 0.00030. And then it kept crashing. Just 2 days ago I almost broke even again at 0.00028 and thought good time to sell. But then greed kicked in. Started read comments on Twitter people talking about $0.1 and more and I let my self fool again. And now that crap coin is back to 0.0002 again.

It‚Äôs really so easy to get you fall for the euphoria when a coin pumps and you think it won‚Äôt ever stop pumping. I‚Äôm in crypto since 2013 but it‚Äôs still every time the same.",2023-12-06 15:16:46,3
Legitimate_Suit_3431,Wait a few years. and then few months after halvening.  Is gonna be my strategy,2023-12-06 13:05:32,2
silentblender,"I hope more people are realizing that ""take profits"" is how you actually make money with any investment. So many people repeating ""If you don't hodl you'll be sorry"" every bull run and they ride it all the way down.",2023-12-06 15:25:25,2
firelancer5,"Why would you DCA out? Then you'd have the guess both the top and the bottom to buy in again. You may miss the best entry entirely, and be forced to buy in higher. Time in the market typically beats timing the market for 99% of investors. If the crypto thesis pans out, current prices will probably be seen as a bargain a decade from now.",2023-12-06 14:00:18,1
hhtoavon,That time is now actually,2023-12-06 13:02:36,-3
sergiooep,Probably profit taking. Tbh its stil early to buy coinbase,2023-12-06 15:58:36,6
DuckmanDrake69,Because it‚Äôs Cathie and she‚Äôs always wrong.,2023-12-06 17:55:09,2
nixxy19,"Largely manipulation. When we say everyone, we mean retail and news. The silent whales see the mass trend and intentionally wipe out leveraged positions to remove the competition. It‚Äôs the elites vs the people. Always has been.",2023-12-06 15:25:59,44
PokeJem7,"People like to say it, but it's only accurate half the time lol. When BTC peaks and Euphoria is at an all time high, everyone gets burnt when it drops and remember that mistake. When people are jaded, a bear market is ending and they are too afraid to jump in, they remember that and wish they bought more. People also like to mock anyone that gets a call wrong, but forget when people get it right. 

When we aren't at the high or low points, there are periods of relative predictability, and outside of that there are lots of 50/50 guesses.",2023-12-06 19:52:37,5
jimmy193,Manipulation and irrational markets,2023-12-06 15:55:07,2
gobearsgobears,"Posts like this make me think we're actually gonna dump.

When people are optimistic like this - something happens to dump the market",2023-12-07 05:35:26,2
tnel77,"While I feel like it‚Äôs a little early to start selling, there‚Äôs certainly no harm in realizing some profits.",2023-12-06 18:45:24,3
distressedacorn,I only take advice from those with doctorates in fuck.,2023-12-06 13:10:38,7
Less_Cap1539,7 figures are gonna be middle class in 10 years time üòÖ,2023-12-06 12:38:50,17
cl3ft,When that happens you'll have already calculated how little headway that will buy you in this property market and get greedy and want 5m instead of 1...,2023-12-06 13:10:08,4
gunzby2,"I'm not selling until around 3-4 quarter 2025. I'm also not buying right now, but that's partially due to work slowing down this year. 

Still hoping to get rid of my dogecoin bag before the end of the year",2023-12-06 11:58:22,19
fungi_at_parties,"I still think that would only be a temporary setback, personally.",2023-12-06 17:17:37,3
blade818,"Mate youre not reading the right news site then. It's been steadily progressing for months. The latest update was this week and it was a mammoth update basically dotting the i's and crossing the t's.

No one is expecting it before January but people are now becoming increasingly confident it will go through so this is the buy the (strong rumor) event... Probably get the sell the news event just before it goes live and then a gradual increase again as funds start to buy it up.

https://cryptoslate.com/a-complete-guide-to-all-21-major-amendments-to-blackrocks-latest-etf-filing/",2023-12-06 14:05:56,18
SpaceToadD,When you have people going on CNBC saying ‚ÄúI can‚Äôt talk about it since we currently having a filing for an ETF but I‚Äôm 99% it will get approved in the next few months‚Äù it‚Äôs a go. Cathie Woods basically fucked up her NDA with the SEC and said it‚Äôs going to get approved. This is why the bull run is happened. Wall Street knows it‚Äôs approved and it front running it.,2023-12-06 13:20:06,9
Darkra93,Who do you think is buying Bitcoin right now and driving the recent price action?,2023-12-06 11:53:12,14
TabletopThirteen,And who is to say it isn't priced in,2023-12-06 11:57:32,-4
Easy-Awareness-8283,"Uhhh inflation and interest rates are a massive factor, if people believe rates are coming down soon they‚Äôre anticipating a risk-on environment and rotating into speculative/higher risk assets, such as BTC, as bond yields fall and they chase higher returns",2023-12-06 12:33:44,10
DrSpeckles,You left out the 4 year cycle. How is that significant? It‚Äôs not as though it‚Äôs 4 year cycles over the last 100 years.,2023-12-06 12:03:59,4
TriggeredUBruh82,If you don‚Äôt know anything about the halving then you shouldn‚Äôt be in crypto.  I‚Äôm not a Bitcoin bro by any means‚Ä¶ it‚Äôs common knowledge in crypto and if you don‚Äôt know what it is or what it means for the market cycles then you haven‚Äôt done any research at all.  SMH ü§¶‚Äç‚ôÇÔ∏èü§¶‚Äç‚ôÇÔ∏è,2023-12-06 12:19:15,6
swift-jr,"This is crypto, so don't forget sideways too, and perhaps some swirlywirlys too",2023-12-06 18:06:59,1
A_sexy_black_man,"Right. I was looking at the 1 year chats. Bitcoin has appreciated over double that of ETH. That‚Äôs really interesting when you consider that ETH‚Äôs market cap is a fraction of Bitcoins. It makes sense that it still has a lot more to rise. 

A secondary play to profit of ETH rise is NFTs. 

‚ÄúFind investments that are ignored and cheap but there is a positive change‚Äù - Billionaire Jim Rodgers 

So now I‚Äôm about to start looking at NFTs again as they are most definitely ignored. Last I checked this entire market was being declared dead. I will check and see if there is anything new and noteworthy.",2023-12-06 20:53:30,2
CaptainSebz,Great actually. Sold at 48K and now waiting for 30-35K :),2024-01-17 15:02:45,0
flsurf7,"Everything but BTC and ETH is a shitcoin.

To me a shit coin is something that can easily lose 80+% of its value during a bear market. Often times they're 95+% loss from their ATH. BTC and ETH do not do that, and you're not at risk of a rug pull like the shitcoins.",2023-12-06 11:58:27,-2
GBR2021,"Found the Capo and Benjamin Cowen enjoyer. Short and Strong, baby",2023-12-06 12:17:07,5
Ok-Veterinarian-1222,"Oh sorry i forgot this community is fragile for cold hard truth, Okay i will use word cattle then, what i see is so much cattles being cluelessly being herd into safe words like ‚ÄúETF is coming‚Äù ‚Äúinstitutions are coming‚Äù ‚Äúpublic is coming‚Äù hoping like they‚Äôre some kind of charity that will make our investment goes boom

This is the time for people who DCA from 16-30k enjoyed and locked some profits, hell even saylor is in good mood right now, but buying NOW and hoping for ETF making it goes higher? The cattles is gambling, lets hope a significant pullback doesn‚Äôt make them a long term DCA investoorr",2023-12-06 13:13:07,-6
FlutterbyFlower,Ouch,2023-12-07 02:23:07,13
Solid-Suggestion-653,Slap yourself for that one.,2023-12-07 06:22:08,2
Sunzoner,I talked myself out of investing at $1.,2023-12-07 11:32:33,3
deathadder90,Ripple as in XRP? To the moon baby,2023-12-06 18:29:45,38
rorowhat,It's Hulu so it's safe...probably cost them 0.05 cents to advertise.,2023-12-07 03:51:30,2
Key-Conversation-677,Maaaaatt. ‚Ä¶ ..Daaaaaamoonnnnn,2023-12-06 17:48:22,8
JuxtaThePozer,"I wouldn't make my mum do anything. She's an adult. If it keeps pumping then she can't blame you for missing out. If it drops then, well, WELCOME TO THE JUNGLE",2023-12-07 02:50:01,20
DueEggplant3723,Guys mom has more balls than you,2023-12-07 05:03:06,5
r0mex,"i love altcoins, idk why im getting downvotes for",2023-12-07 05:04:39,1
Nightmare_Tonic,for real lmao,2023-12-06 17:04:37,5
calabazookita,20 bucks a day,2023-12-07 01:20:31,4
YasuotheChosenOne,I support this message.,2023-12-07 01:25:52,0
donomyte1,You‚Äôve got to be the dumbest motherfucker if that‚Äôs what you took from my comment.,2023-12-07 03:28:15,-8
TeknikL,whenever I buy BTC I also short it because it always goes down when I buy haha,2023-12-06 17:21:30,43
qviavdetadipiscitvr,Always,2023-12-06 18:24:27,6
SpaceGalacticat,The opposite of everyone,2023-12-07 11:29:20,2
Rendole66,"Bro bitcoin went from 85k CAD to 20k CAD, how are you gonna tell me bears have always been wrong lol? I have no predications for this current rally but come on man",2023-12-06 15:31:58,11
bigstew6,Is the room in the room with us now?,2023-12-06 13:16:22,93
YouGotTangoed,Doesn‚Äôt sound any different to Wall Street,2023-12-06 12:44:58,51
[deleted],[deleted],2023-12-06 12:37:25,8
BikiniWearingHorse,7 TRILLION !!!,2023-12-06 13:29:38,6
sluggz9,Btc to 1 million,2023-12-06 12:41:59,6
Ninja_Goals,It‚Äôs like mathematical Tourette‚Äôs,2023-12-06 16:55:26,6
yoobzz,SEVENTY FIVE,2023-12-06 14:04:41,4
dirtyword,And heavy heavy doses of jargon,2023-12-06 14:52:45,3
jamesbong0024,Don‚Äôt forget the rocket ships üöÄüöÄüöÄ,2023-12-06 18:19:49,2
PuttinOnTheFrink,Guilty....,2023-12-06 18:21:32,2
jhaneyus5,Or will it be a buy the rumor sell the news? We saw that a lot last bull,2023-12-06 15:53:13,16
Proof-Astronomer7733,"Who or what will hold that?, there will be a time that this train is unstoppable, which if it is not happening now it will pretty soon, regulators need to accept changes but often they don‚Äôt want as they are so fixed and obsessed with their old ‚Äútraditional‚Äù way of finance, this whole crypto/ blockchain is too much for them and so difficult to understand, look a Warren Buffet still against any form of crypto because he is so into the old traditional way of thinking about finance, when you want to change somebody‚Äôs way of thinking/working who have been doing the same year after year after year, you can‚Äôt change that person, just newer generations with fresh brains are easier to convince to change traditional methods, or people suppressed by their corrupted government looking for alternatives.",2023-12-06 14:06:43,5
AllThingsEvil,I think the PC term these days is vertically challenged,2023-12-06 22:54:38,6
Nightmare_Tonic,What does it feel like to be this wrong,2023-12-06 14:36:06,5
ShittingOutPosts,Wrong.,2023-12-06 14:48:35,2
virmamies,"US Spot BTC ETF‚Äôs not meeting expectations and US Spot ETH ETF‚Äôs would be the next FOMO thing that can‚Äôt be reality checked. 

Then also the ETH/BTC chart among several other things.

But I might have worded it wrong above.. those two are my wildcard scenarios this cycle. Fingers seem to go faster than brain..

1. BTC ATH before halving
2. ETH to pass BTC momentarily in Dominance%

Are my two most probable wildcard scenarios.",2023-12-07 07:13:17,2
Giga79,"Hey warning, you're a jackass.

You can't change social consensus just like that.",2023-12-06 15:43:31,4
yoobzz,"I usually like to wait a little bit longer until Im thinking ""well, fuck.""",2023-12-06 14:08:55,79
Less_Cap1539,Yeah no I don‚Äôt know what that feels like,2023-12-06 13:04:02,23
cantstayangryforever,That's a common sentiment but a lot of people are here for life changing money. My portfolio is very low six figures right now and I'm not leaving until it's low seven figures.,2023-12-06 16:10:26,2
WtfSchwejk,"Well, have to hold one year minimum to avoid taxes. That's why I wouldn't want to sell now and hope that by next autumn prices are still fine.",2023-12-06 14:03:51,11
Podsly,If you believe this is the future then you won‚Äôt need to ‚Äúcash out‚Äù - you‚Äôll just be aloud to use your crypto like any other currency (in the future),2023-12-06 14:18:07,9
DeFi_Ry,"I think this sub forgets we are all still speculating. That's why people want to DCA out.

There's a non-zero chance some black swan comes along and destroys us. So the more conservative investors want to realize some gains. I use conservative lightly because anybody in this space has a high tolerance for risk.

It's just that some want to risk it all. Hoping 10 years from now Bitcoin is still relevant and increasing in value. Others want to make sure they secure some profit if it all goes to hell.

There's nothing that makes me cringe more on the sub when people talk like it's a sure thing BTC will forever increase in value",2023-12-06 14:51:09,9
Nightmare_Tonic,Is coinbase a trad stock or is it a crypto sold on coinbase?,2023-12-06 16:33:44,1
DumbestBoy,This guy studies.,2023-12-06 14:12:22,5
A_grey_sheep,I‚Äôm sorry to say 7 figures is already middle class in larger cities.,2023-12-06 12:53:15,14
Itchy-Acanthaceae841,Tbh of all meme coins I think this shitcoin will go back pretty high as soon as mainstream talks about crypto again.,2023-12-06 12:04:25,12
Arabong420,"Oh definetly, but i can see some moonboys going 50x leverage before the launch, thinking the rocket starts immediately üòÖ",2023-12-06 17:18:51,2
the_innerneh,Confirmed BTC is priced in. Can only go down from here.,2023-12-06 14:12:32,8
Latespoon,"It's very simple and not the answer anyone here wants to hear.
It is market makers hedging against large volumes of CME BTC options. These are typically purchased by institutions as a means of exposure to BTC without issues like custodial risk.
When these contracts are redeemed/sold/expire, the MM no longer need to hold the underlying asset (BTC) as a hedge.
Which means they sell. They sell into retail FOMO buys.
And make no mistake, institutions are going to take profit on these because they know what's coming next on a macroeconomic scale.
ETF or no, there is going to be a bloodbath shortly.",2023-12-06 12:16:03,20
ExSqueezedIt,"Bunch of guillable hype buyers who think it will skyrocket, we go to 50-55k tops till whales cash out and then mass panic again when hype dies down so the same whales can reaccumulate in incoming bear market once the economy crashes in couple of years so the banks will have the excuse the introduce CBDC's, grip regulations on crypo and try to to take control over the entire financial market.   


Just a guess tho.",2023-12-06 12:05:05,1
Itchy-Acanthaceae841,"Yeah that argument isn‚Äôt very strong for me, too.",2023-12-06 12:05:46,3
Opinionator2000,"Tell me why the halving should matter?   Because of a whopping sample size of four?  All the halving will do is put some miners and all personal miners out of business.

Sure, a tiny bit less BTC is being created each day, but that's meaningless compared to daily trading volume.  The decrease is like .01% of daily volume.  That doesn't matter at all.

What DOES matter?  The last 4 cycles were in a rate lowering environment.  Now the Fed has been tightening.

The only reason the halving may cause any spike is because a bunch of people are convinced it will and it's a self fulfilling prophecy.  Those folks could just as easily be wrecked.

An ETF is a big deal though.",2023-12-06 13:08:07,2
[deleted],[removed],2023-12-06 14:23:50,-2
[deleted],[deleted],2023-12-06 12:02:17,3
Itchy-Acanthaceae841,"Im totally on your side with this. BTC and ETH are my safe bets and I can‚Äôt thank the dip to 900‚Ç¨ from ETH enough. 
But just a little Funfact: BTC went over 70% the last 90 days üòÖ. Crypto is crazy.",2023-12-06 12:02:53,2
Opinionator2000,"ETH is a shitcoin.   Too complicated with all the L2, bridges, roll-ups, staking, etc.

Solana is the clear up and comer in the smart contract battle.  The price reflects it's superior ease of use and developer adoption.",2023-12-06 13:12:40,1
Itchy-Acanthaceae841,Capo still believes in it üòÇ,2023-12-06 12:19:18,1
lerg7777,"Saylor bought last month and increased holdings by 10%. You can focus on short term things like ETF approval, possible correction from these crazy gains, ooooorrr just focus on the long term. BTC goes up.",2023-12-06 13:21:14,3
fearless_window,That's the one!,2023-12-06 18:43:57,2
SuzukiNakatori,Cackling rn,2023-12-06 17:53:30,1
Head-Attorney3867,"It's a pretty sick jungle. 

They say you can't time the markets.. but you literally have to time the markets to make any money at all. 

As we all know; regulators in congress are the best at timing the market. Some of the greatest traders of all time were in Congress. 

Most people retire at a certain age, but those congress folk love their jobs so much that they literally work until they are 90. Some of them work until they die. 

It's gotta be an awesome job. They have such a low turnover, and they're soooo rich. Even the ""poor"" ones live better than 99.99% of the world. Anyway, I'm ranting again. Much love.",2023-12-07 07:25:20,1
Lexicon-Jester,"I just told her ""diamond hands"". Let's see how it goes.",2023-12-07 13:53:40,2
conceiv3d-in-lib3rty,This sub is full of bagholders that have a very low investment IQ. Hodl mentality reigns supreme and very few people actually make money off crypto here.,2023-12-07 05:34:01,1
McGarnagl,Are you a crab?,2023-12-06 19:45:31,2
Ok-Most-7339,"""rally"" man you bears are so cute. Aww... you call 44k a rally? SOOOOO cute haha. I feel bad for you kinda. aww",2023-12-06 16:08:18,-9
noveler7,"You're tearing me *apart*, Lisa!",2023-12-06 16:19:19,6
DumbestBoy,Twelve!,2023-12-06 14:10:40,12
Less_Cap1539,BTC to 1 trillion!1!!!!1!11!1!!!,2023-12-06 12:40:02,20
MikeLowrey305,Well we'll find out in January when the SEC is supposed to make a decision.,2023-12-06 15:55:17,2
[deleted],[removed],2023-12-06 14:42:13,-8
[deleted],[removed],2023-12-06 14:56:08,-4
virmamies,So probability 1-5%. I think I was just writing them as scenarios and forgot to mention the rest üòÇ,2023-12-07 07:16:05,2
[deleted],[removed],2023-12-06 15:54:50,-1
Constant_Mouse_1140,"Wait for ‚ÄúI shoulda‚Äù - every time. ‚ÄúOh, my instinct WERE right‚Ä¶again‚Ä¶shit.‚Äù",2023-12-06 14:29:32,19
Repulsive_Onion_5925,Very well put!ü§£ü§£,2023-12-06 15:15:40,3
ellogovna304,it feels like..You‚Äôre taking screen shots and you can‚Äôt believe this is actually happening. That‚Äôs when you cash out‚Ä¶.Trust me ü•≤,2023-12-06 14:24:46,8
Corican,"Stick around for long enough and you will.

...well, probably.",2023-12-06 13:14:58,7
BlackB3ARD7,"unless you bought crypto over the last 2 years, which means you are holding crypto for more than 1 year and you can start DCA out tax free and you DCA in.   
I need to calculate now how much should I get profit for 2 years of tracking and inflation difference on my initial investment.",2023-12-06 14:52:52,2
txsushininja,Couldn't you just use Bisq or HODL HODL instead?,2023-12-06 15:26:24,2
sergiooep,Its a stock,2023-12-06 16:34:16,4
Less_Cap1539,Part of the working poor in NYC ü´Ç,2023-12-06 13:00:01,6
[deleted],"Maybe if you count primary residence but you are delusional if you think the average resident of NYC has 7 figures in a brokerage account, retirement or otherwise.

Maybe if you are retired and you‚Äôre done accumulating, but even then I doubt it. Most Americans are chronically under saving for retirement.",2023-12-06 17:21:01,5
gunzby2,That's why I'm still holding for a bit. Plan was to sell and buy BTC. I had faith that it would double to .15 before BTC hit 60k. LoL my faith is eroding,2023-12-06 12:09:34,6
firelancer5,"What makes you think this?

Open interest in BTC options is obviously rising, but not significantly so to explain the sudden bull run.

I think the simplest explanation makes the most sense: it's just the market (incl. institutional players) anticipating the halving, the BTC ETF, possible rate cuts, and also simply the investment cycle repeating again. Probably we'll start seeing the first sell off again in January, a major bear trap.",2023-12-06 13:56:10,7
Spaceseeds,Perma bulls are right way more than perma bears though so I'll take my chances holding,2023-12-06 12:49:48,7
Herosinahalfshell12,You sound fun,2023-12-06 12:13:02,10
sluggz9,Smoke less weed,2023-12-06 12:43:39,-1
cccanterbury,Say more.,2023-12-06 19:26:22,2
flsurf7,Yes. Not anymore. My definition at that time would have been anything losing 90+%,2023-12-06 12:23:20,-6
Fair_Raccoon9333,Solano is a VC shilled empty wasteland that isn't sustainably paying its node operators.,2023-12-06 14:29:15,2
Ok-Veterinarian-1222,"Ofc its going up or down, short term now waiting how btc react to ETF, smart cattles will wait for pullback and went in instead of buying 40k hoping the institutioooooonns helping them to 100k, if the market give them 30k and they will put on a mask ‚Äújust DCA bro‚Äù lmao",2023-12-06 14:45:45,0
TeknikL,prawn,2023-12-06 21:45:15,5
polloponzi,Yay! Weimar 2.0,2023-12-06 12:53:40,11
deathadder90,Matt Damon coin to the rescue,2023-12-06 20:31:42,2
jhaneyus5,Are you buying any dgen coins?,2023-12-06 15:56:40,2
ShittingOutPosts,Do you understand the consensus mechanisms?,2023-12-06 15:09:09,1
Nightmare_Tonic,"So are you talking about BSV or BSV Ordinals? Because BSV is so far down from its all time high I can see why you're so pissed off lmao. You probably lost so much money on that garbage. Sorry bro.


BSV Ordinals has a market cap of only 2.5m, that's the saddest moon coin",2023-12-06 16:41:38,2
HerbGatherer-,"""i knew it i had to sell""  
""checks portfolio -50% well...  nevermind now""",2023-12-06 15:12:27,18
WtfSchwejk,"I indeed bought over the last two years, so I could well start do DCA out right now but couldn't reinvest the profit immediately since then I'd probably have to hold up and down and up again, I don't intend to that. I stopped the DCA in recently and now I'll wait and see I guess.",2023-12-06 15:36:32,2
[deleted],Do you genuinely believe the working poor in NYC have a cool million in a 401k?,2023-12-06 17:21:26,5
foxepower,"Doge is up 50% in 2 weeks, why is your faith today of all days (15% pump) eroding?",2023-12-06 12:52:44,7
Itchy-Acanthaceae841,"Again, exactly what I do with my ALT coin gains. Every time I got lucky with ALT coins I swapped them into BTC or ETH. Can‚Äôt believe that BTC 19K was just around the corner.",2023-12-06 13:24:28,3
Latespoon,"https://cointelegraph.com/news/bitcoin-futures-cme-open-interest-nears-high

The federal funds rate is at a 22 year high. Levels of personal debt are at/close to all time highs. Delinquency on unsecured debt is increasing rapidly. This is not a recipe for a bull market.

If you believe there will be a sell-off in January then you agree this is a bull trap.",2023-12-06 14:23:51,5
Latespoon,"That's fine if you bought at lower prices, but the people buying now are going to end up in the red for a while, and there will be enormous liquidations of longs",2023-12-06 13:00:11,0
HondaCrv2010,He‚Äôs promoting buy low sell high.  Not fun but it works,2023-12-06 12:32:35,5
[deleted],[removed],2023-12-06 20:16:48,0
sgtlark,Failed Austrian painter enters the chat,2023-12-06 16:19:01,6
[deleted],[removed],2023-12-06 16:52:17,0
Repulsive_Onion_5925,‚ÄúMaybe next time‚Äù,2023-12-06 15:16:25,11
gunzby2,You might say that I've been abused by lofty expectations. From here to .15 is the longest yard,2023-12-06 13:06:48,5
[deleted],[removed],2023-12-06 14:22:22,-9
No-Cable9274,Not to mention the big drop in oil today despite oil producers cutting production. This is red flag that could indicate a drop in a economic production and a recession is ahead.,2023-12-07 00:44:40,2
Ok-Most-7339,oh you poor poor bear. Still coping? We are already in a bull market. But keep coping. I'll let you while we pump to 50k,2023-12-06 15:02:22,1
Spaceseeds,Oh wow a time traveler? Who wins the election next year?,2023-12-06 19:22:34,0
cccanterbury,so btc was forked and some people didn't like it. Why didn't they like it?,2023-12-06 22:19:56,2
Nightmare_Tonic,"You are trying to convince people not to buy BTC and instead to buy BSV, are you not? Because if so... I guarantee you've lost a bunch of money",2023-12-06 17:03:45,2
Latespoon,Lmao I rode it from 17k up to 43k but OK. Good luck with that,2023-12-06 15:03:28,5
[deleted],[deleted],2023-12-11 02:19:41,0
Spaceseeds,Who's rektum? Aside from your mommas,2023-12-11 02:28:04,0
[deleted],[deleted],2023-12-11 02:30:14,0
